phi_r,theta_r
4.8051,-5.6758
4.6908,-5.5410
4.1992,-2.2318
-0.0005,0.0125
2.4953,-2.5838
1.2216,-5.8085
0.3426,1.0776
1.2975,1.8900
1.6266,-3.9613
0.0005,0.0330
0.6969,-7.1135
0.2507,-3.4254
2.3616,0.3214
4.3396,0.2402
2.5499,-0.7584
0.0017,0.0096
1.0356,8.3243
0.8635,7.4530
0.1833,2.2127
-4.1992,-1.2873
-5.5040,-0.9063
0.0017,0.0134
4.1285,1.9764
4.4408,-4.9122
2.4640,-6.9303
5.6311,-2.9142
16.8041,-9.1734
-0.0159,0.0869
31.8170,-56.0344
28.6759,-78.2900
20.6091,-87.0922
7.4677,-76.5144
-20.8899,-80.6190
-0.0137,0.0576
-78.3261,-123.9982
-95.3472,-106.5292
-105.4138,-92.7774
-108.3938,-92.6504
-101.2659,-102.8283
-0.0003,-0.0327
-94.8635,-77.5635
-83.9298,-82.1227
-72.2104,-74.0097
-62.6200,-40.5992
-47.2087,-35.6226
0.0076,-0.0259
-27.4356,-28.5269
-25.2585,-13.4224
-19.4170,0.1728
-11.7291,-0.1464
-5.8684,-0.1225
-0.0077,-0.0595
2.2610,24.6773
-1.6568,27.0844
-3.0015,19.9082
3.6164,13.1602
11.2957,11.7559
-0.0133,-0.0713
6.3425,44.5481
-0.4377,47.0859
1.5918,37.4221
8.5389,25.1459
11.0327,27.5047
-0.0134,-0.0486
8.6433,47.0975
13.0708,30.3100
19.6676,16.9816
29.1198,19.6148
27.2196,29.8323
-0.0198,-0.0211
28.8139,41.8342
35.5104,41.3786
35.4080,38.7814
32.9115,41.6573
41.7837,36.5081
-0.0288,0.0271
59.9665,34.1132
65.2647,30.2292
66.2563,30.1566
58.3328,44.8832
63.7094,39.0904
-0.0295,0.0677
83.5127,16.7189
78.2788,25.6799
84.3061,2.9823
100.8838,-18.4551
145.0814,-23.3518
-0.0160,-0.0258
112.3419,-49.9886
103.6993,-54.2475
99.2883,-81.1670
70.8335,-77.0084
26.3539,-46.3302
0.0084,0.0495
-40.1712,-15.4816
-71.1742,-6.0367
-98.3612,-4.0944
-119.2974,11.8369
-119.5184,27.9054
0.0305,-0.0163
-78.4416,23.8117
-54.3516,1.8767
-40.8385,-8.3262
-32.0573,-12.0910
-16.4173,-17.0646
-0.0165,0.0206
9.3393,-3.5317
14.4166,-18.8172
18.9030,-16.8560
21.5572,-6.1984
21.9110,0.7945
-0.0142,0.0132
23.1407,-6.8097
13.7544,-3.7406
5.0575,4.1337
4.3610,8.7276
7.7204,6.1332
-0.0040,0.0114
0.4844,-8.4447
-7.0400,-4.3781
-5.7961,0.0502
0.6404,3.0321
4.3087,6.5778
-0.0068,0.0061
6.7659,3.2219
11.4462,-0.6557
13.7539,-6.4074
10.9104,4.0058
14.7490,-7.3185
-0.0117,0.0461
12.8010,-11.0214
10.5818,-6.8904
6.8515,-14.9531
2.0025,-27.0604
-2.0173,-34.5807
0.0024,0.0699
-7.4942,-24.4486
-9.4831,-26.0333
-10.1640,-36.9853
-8.5216,-42.9144
-5.1850,-52.1765
0.0029,0.0898
-16.3958,-65.9384
-21.9440,-72.7886
-26.2202,-75.2549
-35.3561,-69.1857
-44.6702,-57.8754
0.0193,0.0285
-52.7787,-50.7699
-55.7692,-52.0024
-58.6862,-38.1798
-60.8936,-22.6541
-62.2679,-26.6702
0.0172,0.0138
-56.3378,-56.4079
-54.3148,-37.7123
-51.2716,-17.4140
-43.4047,-11.8086
-34.7961,-21.9191
0.0157,-0.0018
-44.1671,-3.3291
-38.1691,7.2347
-29.2891,3.2982
-22.2857,2.1778
-17.5379,13.5648
-0.0004,-0.0824
-15.5565,23.3376
-11.6632,33.5889
-2.0624,46.2619
5.8347,56.3532
10.1483,60.3158
-0.0160,-0.0594
22.4354,42.9935
31.8586,36.1425
45.7303,27.1344
51.5723,24.7425
48.0707,31.9231
-0.0266,0.0291
59.3876,28.4436
62.0012,34.5832
61.8844,33.8634
70.9176,25.6249
89.3837,6.0079
-0.0326,0.0571
66.7918,44.8376
48.3859,72.0723
68.9117,47.4032
105.8553,6.8702
105.4681,1.7599
-0.0340,0.0421
97.7894,28.6397
111.3779,19.7770
132.8047,2.9088
120.4264,-10.5572
74.9565,-20.5300
-0.0230,0.0805
63.5901,-46.5015
62.4514,-84.0119
44.9126,-102.5500
10.0243,-91.9317
-5.3575,-81.3349
0.0018,0.0987
-40.7607,-83.3070
-72.0306,-70.6169
-96.2522,-41.6419
-108.2536,-8.4906
-109.6038,-3.1288
0.0289,-0.0682
-76.9418,-4.6637
-45.4895,-2.6133
-20.2979,-23.0890
-13.5292,-35.5161
-23.5381,-15.6413
0.0211,-0.0163
-20.0115,3.2532
3.1932,0.3861
16.8561,5.7099
15.4085,5.7907
2.6019,6.3301
-0.0038,-0.0185
11.3766,5.1657
17.3492,-0.0451
11.8190,-4.1104
3.3016,-9.8008
-2.0492,-7.1741
-0.0038,0.0047
4.1634,0.1911
5.0246,0.4326
0.2774,-3.7449
-3.3691,-7.6310
-5.6120,0.1572
-0.0064,-0.0092
8.5192,9.3148
7.8137,4.8658
0.9566,-0.6469
2.1608,1.3991
8.4713,6.5147
-0.0140,-0.0093
19.7592,6.0873
21.0549,-3.1683
18.2677,-9.1883
18.7368,-12.7954
20.0179,-16.2896
-0.0159,0.0520
12.3381,-25.5990
0.7524,-42.7147
-6.0456,-63.4814
-16.9322,-72.2614
-23.5886,-74.5884
0.0064,0.0891
-32.2159,-71.6841
-33.0459,-89.3435
-34.3150,-108.1417
-47.2430,-98.4581
-64.1207,-84.2254
0.0085,0.0059
-65.4300,-89.3887
-67.8054,-94.8993
-67.7930,-83.1550
-73.5277,-55.8838
-76.7667,-30.5050
0.0172,-0.0656
-40.5198,-28.1130
-30.9910,-13.8784
-34.5335,5.8387
-31.8694,16.6726
-17.7983,18.9530
-0.0160,-0.0851
18.6350,18.4718
23.0876,23.9409
19.8792,28.6537
22.8105,33.2659
49.6391,43.9894
-0.0249,0.0230
73.2883,45.9590
80.2461,39.6835
77.2916,31.4705
82.0168,25.5176
97.8794,10.6827
-0.0222,0.0474
122.7150,-8.5383
113.9968,8.5063
111.2284,14.6202
111.4732,12.8601
112.6906,18.9581
-0.0264,0.0756
118.1876,9.6632
122.6353,-7.2575
121.6633,-15.1724
105.2622,7.8230
86.5352,33.0176
-0.0167,-0.0218
73.3546,53.7435
75.4448,1.2151
53.5459,-22.6305
21.3759,-8.6454
10.3255,-11.8949
-0.0019,0.0801
8.1226,-47.3293
-11.7518,-49.9902
-43.8620,-47.0751
-69.4704,-53.5903
-85.3668,-66.7491
0.0109,-0.0657
-113.8169,-53.9045
-115.7205,-34.1880
-118.3855,-3.5572
-122.5870,25.1878
-108.6913,9.7281
0.0241,-0.0775
-30.1303,-11.4055
-15.0654,-5.7373
-11.5808,5.5737
-13.1711,5.6946
-4.5574,3.5484
-0.0100,-0.0309
21.7316,25.5147
20.9278,27.8966
9.7963,19.7377
4.5621,13.7429
10.0730,14.4466
-0.0131,-0.0208
17.8630,4.0824
10.4159,-2.6487
4.9106,-2.3267
4.8930,7.1757
7.1832,15.2743
-0.0123,0.0070
11.2947,-16.0286
6.8822,-17.3820
3.8475,-10.7666
5.3937,-1.3091
9.7358,2.9895
-0.0076,0.0064
-2.2165,-2.6566
-11.2517,-3.4192
-6.9376,2.0446
4.2749,8.7642
8.6140,3.2745
-0.0019,0.0028
-2.1504,-0.4429
4.6620,-0.2643
9.6423,-2.6235
5.4938,1.4103
2.0177,-1.9747
-0.0065,0.0294
7.7761,-12.9755
6.3398,-11.1191
4.2095,-7.5494
3.2015,-20.1329
0.1028,-36.7405
-0.0004,0.0821
-8.3474,-45.0840
-15.2921,-50.6709
-22.2037,-51.2282
-26.3515,-41.3450
-28.7945,-40.6550
0.0124,0.0668
-49.5033,-73.3069
-68.4939,-89.8628
-81.3017,-83.0986
-77.5448,-71.8200
-66.4910,-74.0611
0.0060,0.0331
-55.9203,-91.1330
-59.0735,-83.0011
-59.9136,-61.8651
-52.0618,-61.1856
-36.3995,-68.6241
0.0044,0.0226
-23.1063,-28.9400
-18.4601,-4.5883
0.0771,6.7041
29.9131,16.4025
56.2514,31.3281
-0.0172,-0.0449
22.6803,75.8921
17.6401,87.1661
38.5272,76.6607
77.3525,66.4977
96.5518,40.7094
-0.0230,0.0658
79.0876,35.0045
99.1115,28.0155
123.7471,20.8044
133.3989,12.7267
112.2177,7.4436
-0.0313,0.0620
97.3761,-10.5214
104.3744,2.8922
108.8912,9.0055
109.6030,0.0724
95.5174,7.8585
-0.0319,0.0616
107.6726,-15.4309
110.6333,-20.7696
101.3193,-3.6399
99.0699,-8.4618
98.7166,-19.4745
-0.0350,0.0204
54.5086,34.3493
40.1844,41.3139
52.2890,-12.5942
41.5610,-42.2265
9.6441,-43.8324
0.0154,0.0762
-16.0288,-37.1906
-17.5932,-45.7272
-18.8993,-61.4123
-27.0750,-69.3198
-42.7148,-81.2682
0.0012,0.0357
-60.7496,-85.6253
-84.1470,-70.7603
-103.4882,-69.0541
-111.7477,-65.4124
-116.8530,-40.3326
0.0196,-0.0542
-124.5474,23.7282
-110.9708,44.0864
-80.3662,53.7830
-44.9149,54.5920
-7.7398,29.8035
-0.0062,-0.0468
-4.0725,20.7639
2.7951,11.2232
14.2754,15.6804
24.3715,18.3263
25.9829,14.5462
-0.0097,-0.0171
10.3432,6.7675
11.0299,10.7971
15.7585,18.4283
15.6699,18.1903
9.3326,2.7441
-0.0017,0.0287
-0.2326,3.5079
2.9126,8.3200
2.8897,1.0823
0.3010,-11.3640
-1.0671,-10.9473
-0.0018,0.0314
-0.9127,-1.9209
-0.6092,-3.7262
0.7970,-6.9371
1.4842,-8.9412
1.9093,-5.2080
-0.0043,0.0075
3.2354,-0.6397
3.6702,-2.0991
4.3104,0.1824
4.1483,3.4140
1.4052,3.8748
0.0002,0.0131
-2.5451,-3.9992
3.8611,-1.5634
6.9469,2.4580
5.3578,0.1598
1.6347,-6.0605
-0.0039,0.0160
5.2224,3.0714
6.6458,10.5484
5.1573,12.8488
-2.4965,5.6421
-4.7324,3.3614
0.0002,-0.0091
0.1128,16.8811
3.8716,12.2412
7.4664,-5.6630
10.2684,-17.7598
16.3451,-16.5550
-0.0170,0.0537
28.0463,-22.8441
23.0694,-34.6430
13.5619,-59.8067
-1.0798,-87.9711
-17.4698,-119.2275
-0.0178,0.0421
-49.0780,-172.2037
-61.2001,-181.6492
-67.8639,-172.5170
-77.3351,-157.0640
-88.3514,-114.4489
0.0166,-0.0434
-81.0350,-27.7006
-69.7797,-48.1904
-68.4697,-69.1715
-69.3592,-59.3059
-65.1366,-27.6918
0.0161,-0.0781
-35.3610,-12.6025
-35.1462,-6.8240
-34.2816,8.4204
-21.7557,24.0638
-1.9512,29.9511
-0.0241,-0.0795
29.7731,20.1274
18.1096,33.3064
16.5113,50.4277
26.9590,55.4732
43.9340,65.6314
-0.0273,0.0224
66.3497,33.7144
51.3014,45.5516
45.8131,54.0853
54.4076,49.9727
66.9532,46.0477
-0.0287,0.0335
65.6791,32.9337
61.2672,39.8207
73.3815,45.1091
89.3390,48.6228
101.4555,47.5571
-0.0241,0.0704
107.7858,38.9320
112.4444,55.1850
123.6402,67.7873
124.8758,72.4646
115.0135,77.0668
-0.0073,0.0225
96.9692,55.1738
112.0052,32.7809
112.8994,25.5463
94.3325,51.6619
88.2444,39.7574
-0.0313,0.0651
109.6632,-30.9448
86.6403,-11.5858
65.7989,-12.2154
62.5063,-52.4475
69.3731,-76.9248
-0.0042,0.0704
49.2811,-86.3856
19.5308,-103.2256
10.1446,-122.5366
-0.1014,-120.5161
-20.7490,-103.5297
-0.0064,0.0488
-55.6546,-105.2515
-81.3196,-102.5130
-108.1921,-78.0920
-119.4561,-38.3182
-112.3334,-26.0791
0.0285,-0.0656
-76.6442,-26.0474
-72.5467,-19.2008
-75.3972,-3.1934
-72.8803,6.1830
-60.6301,9.8848
0.0190,0.0099
-12.4811,23.2202
-10.7878,23.6284
-8.5844,6.2430
-7.2686,-1.8616
-8.0991,2.3732
-0.0031,-0.0036
8.1892,2.2403
10.9906,-3.0009
5.9923,-9.2554
2.2744,-2.2562
2.3064,0.4246
-0.0067,0.0177
11.4120,-2.1264
3.8170,-6.8260
-8.6163,-3.5731
-13.2455,-0.5814
-6.0131,0.7292
-0.0056,0.0068
7.0522,2.3389
0.2807,-0.1037
-4.6305,-2.0040
-2.4134,-2.4301
3.0378,-1.7480
-0.0049,0.0212
-0.1894,-3.9753
-0.7476,-8.3278
0.5855,-3.7136
2.0552,0.5262
1.7275,5.8646
-0.0049,0.0064
2.3692,0.6582
1.7021,-0.9264
0.3073,0.1719
2.3203,1.8617
5.1312,0.4491
-0.0048,0.0260
2.3894,-9.5211
1.4784,-16.6200
6.1540,-22.9443
11.9032,-17.5716
15.0890,-15.6981
-0.0133,0.0441
14.2534,-33.1344
6.4620,-51.8028
1.6047,-51.4357
-0.6386,-56.0365
-4.3184,-66.8715
0.0033,0.1019
-38.0794,-66.3532
-50.8967,-75.6037
-54.8892,-87.9917
-48.1069,-97.2560
-40.3808,-93.5235
-0.0011,0.0968
-30.6679,-79.0993
-33.6382,-58.4018
-34.4263,-49.8710
-33.1586,-42.6801
-27.8055,-59.0531
0.0032,0.0760
-17.9329,-64.3471
-16.2990,-38.3079
-17.0389,-12.0175
-19.0858,11.8771
-20.8160,17.1863
0.0059,-0.0717
-11.8552,-18.0976
-10.7818,2.2277
-11.1649,38.5978
-7.3719,57.9016
-1.9886,50.4277
-0.0085,-0.1049
11.0489,73.2941
19.6086,99.1082
35.8167,93.4873
50.0130,48.1047
50.6108,22.8500
-0.0304,0.0197
54.6824,37.4202
65.1952,38.8024
71.4583,27.3177
65.5517,17.1628
58.0749,30.2821
-0.0207,0.0055
69.6500,54.6769
73.7018,51.9773
72.6745,34.4533
76.6858,18.2184
79.0326,16.8108
-0.0290,0.0184
68.8030,46.7479
71.7966,44.6134
86.4205,38.2676
96.2064,48.7986
95.3193,50.5911
-0.0218,0.0120
81.9067,55.4274
88.6669,41.7473
99.3133,13.3512
100.5073,-1.7893
98.4371,-23.6578
-0.0283,0.0583
59.9077,-12.0147
52.1074,-6.8288
59.4126,-35.5358
68.6073,-52.6011
61.9285,-48.7938
-0.0108,0.0913
37.1728,-58.3739
32.1513,-79.9314
-3.0761,-61.5078
-39.9581,-39.3934
-59.0633,-42.7391
0.0202,0.0020
-69.2219,-56.9563
-77.8938,-50.3203
-85.9282,-46.7674
-89.1332,-54.8225
-93.0293,-54.4757
0.0299,-0.0396
-94.6508,-4.3274
-86.5089,-0.1075
-69.2720,-12.0470
-54.2665,-11.9450
-50.3971,12.2994
0.0330,-0.0188
-60.8857,29.8012
-56.5848,52.2418
-41.8758,54.1533
-33.4428,41.1552
-32.0753,35.7913
0.0137,-0.0448
-28.8585,41.5261
-14.0722,26.4288
-4.4696,18.6887
-0.9330,17.4611
-3.1398,14.8737
-0.0037,0.0198
-1.7776,8.2475
-0.3963,15.0630
0.9150,14.6502
6.2805,9.9421
6.7748,3.3803
-0.0069,0.0176
1.9425,13.7610
4.3924,6.3608
2.7371,5.9186
3.9300,5.1041
3.4088,4.1263
-0.0048,0.0358
-1.4430,2.1819
-2.2520,7.7130
-2.7119,11.4105
-3.0723,5.4049
-3.5191,0.8838
-0.0026,0.0370
-4.0109,5.6544
-3.8437,2.7336
-0.4679,-1.3685
3.4768,-4.3724
6.6654,-3.2190
-0.0072,0.0408
1.1533,-4.0844
-0.7671,-8.4736
1.6128,-6.4521
2.9788,-1.8599
3.7693,-1.8726
-0.0059,0.0464
-0.4992,-4.8065
-1.9834,-2.2523
2.0700,0.4831
7.5274,0.8027
9.7119,-0.0245
-0.0079,0.0343
3.6296,-0.2197
8.3730,-4.1027
13.9120,-3.6587
16.0624,0.4845
8.3541,1.7785
-0.0059,0.0400
8.1530,-7.6221
10.5212,-8.0460
12.4577,-2.6579
9.4512,-7.7232
8.0790,-22.5351
-0.0099,0.0995
17.6118,-64.4762
16.4843,-89.6445
7.6708,-126.3602
-1.6089,-187.8237
-20.5469,-215.7619
-0.0313,-0.0036
-78.9751,-166.1957
-80.0960,-141.7225
-66.3564,-133.8385
-58.7158,-103.0754
-56.0819,-78.8259
0.0128,0.0164
-50.4868,-49.9584
-38.9924,-47.9842
-30.4989,-53.7343
-36.2297,-31.0983
-43.5417,0.7651
0.0147,-0.0942
-21.3519,9.1961
-4.0742,-0.7915
7.3279,4.8009
7.1303,22.7467
6.2708,35.8308
-0.0155,-0.0822
23.7875,36.4752
38.4981,41.9763
48.3661,38.7794
44.5759,35.7463
35.4062,36.9488
-0.0209,-0.0118
47.9941,42.8775
58.8730,26.0675
62.6007,26.6194
50.5786,28.8996
42.1644,32.5899
-0.0215,0.0084
56.5913,46.1266
62.1234,39.6738
66.2229,36.7469
57.6347,69.2529
55.7067,82.4073
-0.0103,0.0080
75.2198,45.1180
90.0344,22.3442
104.5226,8.0580
110.4827,10.1315
111.0315,4.9835
-0.0344,0.0484
85.0727,16.5484
77.0587,14.6139
83.6146,-0.5692
79.6850,-11.7193
68.1229,-10.9910
-0.0229,0.0720
65.0925,-61.0956
67.7566,-85.0672
50.2099,-82.9961
32.4766,-65.6509
23.6419,-45.2780
-0.0028,0.0849
14.6811,-33.9972
-3.6303,-40.1129
-17.3924,-46.5016
-25.4411,-40.3439
-32.8964,-28.4919
0.0289,0.0147
-74.1233,-43.2125
-90.5932,-43.4818
-95.2237,-31.9673
-90.6887,-19.6808
-84.8647,-1.4938
0.0355,-0.0369
-75.7283,19.4778
-64.0803,21.0139
-43.8371,19.4427
-25.8527,14.9213
-16.4301,9.9619
0.0051,0.0171
-4.9709,-0.5349
4.0313,-0.1183
12.2172,-6.4266
15.5800,-9.1976
11.6597,-2.6988
-0.0081,0.0286
8.0060,3.1187
12.3730,-8.1448
15.4522,-10.3753
15.6401,-1.5994
13.2261,3.9397
-0.0076,0.0138
5.5273,-1.8023
4.0356,1.7589
5.1604,7.8795
7.5463,7.3838
6.9056,1.0453
-0.0038,0.0286
-0.4658,1.0075
-1.1705,4.3949
1.9570,6.9657
5.0852,14.0669
4.1393,16.7768
-0.0035,-0.0103
2.9424,0.5139
2.8408,1.7295
2.1807,6.4940
0.5582,7.2763
1.0719,1.4164
-0.0041,0.0294
4.4370,2.6032
0.3971,5.5950
1.4851,-1.0131
2.9998,-5.4762
3.6031,-4.7956
-0.0026,0.0214
0.6941,2.4730
-0.2666,-0.9262
0.0912,-5.7958
2.0866,-3.2798
5.0647,2.3712
-0.0058,0.0110
6.3986,1.2157
3.5377,-5.4157
2.8381,-5.4669
5.1064,-1.4074
6.3833,2.6746
-0.0025,0.0115
0.5499,-1.2987
1.0122,-4.3525
4.8736,-4.5331
9.5878,-2.5188
13.0528,-4.6424
-0.0099,0.0403
11.9039,-16.9647
13.4251,-27.4035
12.8252,-40.3592
3.7028,-54.7200
-10.5998,-63.8572
0.0087,0.0893
-33.2307,-69.4418
-41.5978,-83.8277
-52.9310,-93.8902
-63.3297,-76.6705
-65.1992,-81.1799
0.0086,0.0123
-76.5561,-69.2520
-72.2347,-48.6557
-65.3238,-50.1382
-61.5779,-49.4699
-59.5362,-43.1972
0.0225,-0.0075
-53.8892,-34.3508
-44.1498,-14.2193
-29.0404,4.2497
-12.4599,3.8258
-12.1016,-2.0332
0.0005,-0.0502
-13.7919,35.4747
0.4877,45.7657
10.2330,42.0959
10.2525,30.0914
8.1349,28.7402
-0.0162,-0.0379
26.5701,30.8359
37.5687,27.1733
34.5593,24.9257
32.7847,23.0810
40.4852,20.6623
-0.0287,0.0456
61.7601,11.9129
66.6933,20.1804
66.3760,38.3712
80.7460,28.2852
111.5190,9.2325
-0.0172,0.0820
148.4710,13.8029
122.3033,25.4811
102.0015,24.7310
103.1661,27.5587
112.8509,38.4629
-0.0304,0.0563
92.1631,19.5740
76.5521,33.2063
82.0358,34.5617
91.1137,9.1254
90.4268,-14.0669
-0.0228,0.0772
59.7870,-52.6481
54.0240,-72.9077
34.3656,-82.9206
9.4896,-72.6875
4.0158,-74.5949
0.0006,0.1138
9.8835,-46.1840
-9.7586,-37.5565
-16.1528,-53.4632
-36.7942,-37.3905
-50.8178,-12.5597
0.0361,0.0136
-62.4863,-33.3545
-73.0501,-38.6102
-77.3193,-24.3259
-77.2721,-10.4478
-78.0046,2.6836
0.0375,-0.0180
-68.4945,-4.5568
-62.5378,-2.9272
-55.0467,19.5141
-40.8068,20.5651
-19.5963,3.6496
0.0084,0.0291
-9.2322,9.9817
-14.7406,23.4180
-16.5380,26.6686
-10.0489,14.2811
-6.9969,10.7552
0.0046,0.0080
-13.4784,9.1464
-16.0639,0.0551
-8.1351,-2.0735
4.6800,1.4521
10.3360,6.1855
-0.0050,0.0205
-2.4593,-3.7130
-3.9185,-9.1138
1.0601,-4.5686
5.6906,4.4144
7.0086,1.9790
0.0003,0.0358
-8.8027,-4.8794
-3.8304,-1.3549
4.5855,0.7959
9.1041,-13.3965
3.8487,-25.5271
0.0005,0.0583
-1.8956,6.9919
2.7835,17.2304
4.6318,14.4638
2.1740,5.5280
-1.5668,4.4191
-0.0021,0.0120
4.3984,12.9023
6.3539,11.1661
1.2296,6.3108
-0.5158,1.6581
1.3974,-0.5844
-0.0027,0.0259
1.4406,1.3006
1.4379,2.8142
4.3062,0.3185
5.7538,-0.0475
3.8706,-0.9551
-0.0023,0.0287
0.6831,-1.1625
4.9521,-9.8224
9.8397,-18.1977
11.8620,-16.8518
5.6092,-6.0251
-0.0033,0.0281
6.2087,-10.0989
9.0497,-14.2597
7.9073,-11.8289
3.5654,-12.9158
4.2232,-19.9963
-0.0034,0.0703
2.6438,-43.5376
-2.2365,-62.3384
-11.6591,-88.2901
-28.1702,-98.7754
-34.8783,-96.9398
-0.0030,0.0862
-33.9133,-103.4653
-37.4310,-97.2418
-41.8753,-72.9192
-40.6728,-59.6840
-38.8386,-62.3437
0.0101,0.0544
-39.5028,-34.3531
-38.6203,1.4454
-45.1977,21.9064
-51.8899,11.6632
-47.8844,4.3292
0.0201,-0.0444
-40.0652,22.2991
-41.4200,29.7357
-34.6328,20.0890
-25.8151,24.4012
-14.9848,39.2857
-0.0030,-0.0966
-4.3987,47.0219
-3.3803,40.5025
-0.7951,48.2297
2.1787,57.1429
1.2462,63.0654
-0.0065,-0.0611
8.9036,46.8269
18.5962,48.7100
21.6994,48.3853
16.9592,45.1942
9.2405,50.3111
-0.0095,-0.0407
19.5041,47.1615
25.9172,56.8962
26.8245,52.8385
31.5585,44.8551
40.0788,42.8122
-0.0194,0.0056
50.8854,36.0472
54.5316,35.8294
55.7415,40.8744
56.2581,41.5070
59.9054,40.8838
-0.0164,0.0297
65.1000,35.5604
63.0534,24.4439
53.8061,27.7639
38.2629,56.2525
27.4120,80.1415
-0.0123,0.0074
61.9708,9.8024
80.9267,-3.9471
85.2893,-11.2462
78.5550,-16.1929
70.4982,-9.5100
-0.0218,0.0674
86.2570,-26.1223
109.3004,-56.9223
114.8839,-62.3610
107.7510,-63.6221
107.2701,-85.0403
0.0152,-0.0314
113.7176,-139.0458
85.8433,-120.1656
55.2432,-96.6014
29.8351,-87.0251
13.9957,-77.6430
0.0021,0.1114
6.1034,-92.7050
-31.7218,-94.2938
-77.9504,-81.0891
-117.0456,-74.5762
-128.7472,-46.6708
0.0185,-0.0627
-99.2915,-26.8722
-89.8955,-22.0752
-80.9665,-15.8897
-59.7757,-4.0298
-30.1599,-6.4496
0.0106,0.0209
-17.1510,-6.1715
-22.7328,4.3598
-17.4930,15.4483
-7.1647,17.5716
2.6036,12.5525
0.0008,0.0044
-7.4292,11.9947
-12.1616,13.0309
-3.2946,12.4077
7.3776,11.4844
12.8253,5.5981
-0.0014,0.0272
-6.0670,7.8152
-6.6668,9.9477
-2.3618,5.6771
1.9049,7.5028
7.0787,6.4158
-0.0027,0.0243
5.8930,7.7495
5.4021,4.2481
1.7621,5.3746
1.0129,4.0886
4.8164,2.8618
-0.0045,0.0353
4.1971,-3.4522
-0.0729,-4.5638
-3.2966,-2.3553
-5.4766,2.8639
-3.1132,2.3410
-0.0002,0.0275
0.9860,0.2659
-1.9050,0.4539
-3.0721,-2.1895
-1.7976,-3.4584
0.9178,-2.2129
-0.0007,0.0360
1.4512,-4.2395
-0.0511,-6.0503
-1.6837,-3.8113
-2.6649,-0.5918
-4.0344,-0.3067
0.0009,0.0369
-3.2511,-3.5703
-5.3489,-3.6219
-5.7739,1.6426
-1.6485,2.9115
2.0505,-2.6377
0.0006,0.0412
-3.1267,-4.0095
-1.1820,-1.9107
2.1833,-0.8542
4.6331,-1.7585
2.6335,-4.3112
-0.0001,0.0348
0.6169,3.3187
2.8675,4.1346
2.0735,1.2682
-1.1364,-5.4007
-2.4517,-5.0036
-0.0003,0.0356
3.2612,-2.6734
0.5789,-4.2847
-0.1272,-10.1373
0.9916,-15.4182
2.4577,-18.2985
-0.0062,0.0681
6.9837,-21.0653
10.5327,-35.3417
11.5429,-55.0133
14.6421,-111.9698
5.5971,-158.6516
-0.0157,0.0208
-37.7034,-137.8008
-57.1591,-76.7744
-67.9761,-46.6079
-71.8583,-58.7939
-81.3411,-72.1896
0.0093,-0.0414
-103.9630,-66.8591
-100.0047,-56.1229
-83.7291,-51.1160
-64.6362,-59.0442
-48.6433,-62.0468
0.0162,0.0371
-40.8789,-14.7206
-42.0533,-4.2708
-31.4849,-2.9032
-12.5819,-4.6370
4.2177,7.3214
-0.0166,-0.0459
16.6377,43.2636
22.2896,36.5062
28.2594,23.7376
33.4015,30.8337
37.0457,43.8135
-0.0150,-0.0373
30.6191,54.5845
40.4426,42.5403
51.7313,38.2514
54.4854,41.8507
44.3667,39.6044
-0.0237,0.0333
62.1716,21.6423
76.6228,14.5145
80.4492,9.3871
76.0296,7.7555
74.1978,8.0370
-0.0294,0.0195
85.5753,56.5580
101.1302,41.9544
102.6886,36.7074
95.8446,34.9270
92.8063,34.6498
-0.0307,0.0456
101.3224,15.5891
105.2107,9.1191
97.1937,10.6057
85.6732,-4.8087
77.9756,-26.1814
-0.0237,0.0751
61.4677,-30.3838
47.9034,-34.3217
43.9278,-49.2143
43.4848,-61.3146
33.4315,-59.1353
-0.0036,0.1106
34.7089,-70.3084
44.6480,-88.4354
51.2069,-94.6279
45.5567,-89.1029
37.3494,-80.7592
-0.0003,0.1138
8.7880,-86.6036
-20.6862,-80.1052
-35.7893,-62.7623
-30.9070,-60.3507
-32.7881,-52.2620
0.0247,0.0228
-67.4285,-51.6693
-68.0300,-48.9876
-59.9955,-26.6485
-52.7737,-2.4441
-44.5209,0.8876
0.0331,-0.0174
-36.5789,6.8443
-36.5257,20.9182
-41.6749,31.1215
-38.7222,23.1230
-22.1016,17.7477
0.0132,-0.0327
-8.9828,21.1542
-17.8830,17.9333
-25.4086,25.6239
-23.3043,27.6981
-16.4507,26.6818
0.0084,-0.0072
-16.8909,25.4940
-20.4782,11.4793
-10.2523,3.6456
6.6022,4.3424
8.5879,7.8689
0.0015,0.0133
-8.9082,-2.9344
-11.2628,-1.3751
-7.5145,3.4871
-1.5128,6.3631
1.7449,4.1404
0.0017,0.0233
-2.8151,0.4637
-1.1506,6.0189
3.6268,10.6988
6.1916,1.4725
-0.8249,-7.5805
0.0035,0.0351
0.8319,6.2986
7.5766,6.9911
7.3159,3.0567
0.8149,-5.9245
-2.6423,-6.0708
-0.0010,0.0251
8.3590,4.0819
8.9732,2.8025
4.9590,-6.1116
2.3819,-4.9764
4.8618,-0.2923
-0.0043,0.0162
7.8154,-7.8939
4.8590,-25.0511
2.1239,-27.8115
1.9766,-15.8583
2.4512,-7.9228
0.0010,0.0446
-6.4396,-31.7933
-11.4782,-35.9279
-12.5681,-35.3259
-12.7636,-35.3267
-12.0159,-31.7692
0.0100,0.0694
-25.3104,-49.1760
-25.4569,-64.8041
-26.3593,-73.3265
-23.8045,-73.5717
-28.0695,-75.5352
0.0019,0.0882
-32.0051,-49.4376
-23.3457,-66.4278
-15.7165,-79.4121
-18.3651,-74.4432
-29.4478,-51.3957
0.0236,-0.0033
-40.1010,-19.3762
-36.8396,-29.1227
-32.2388,-40.9634
-37.5856,-28.0944
-44.0424,1.0463
0.0231,-0.0595
-35.5854,29.6106
-23.5040,6.3964
-16.5075,-7.8430
-18.5902,5.1465
-25.3230,37.1906
0.0054,-0.0949
-37.7447,71.9887
-25.8975,36.7062
-7.6059,9.6785
3.2813,1.2968
4.0275,14.1748
-0.0082,-0.0554
3.8285,26.0480
10.2658,14.8504
18.9840,12.2944
18.9980,31.1917
21.2973,55.5640
-0.0158,-0.0684
43.9987,52.9537
56.0143,55.0445
51.6304,56.3282
35.4631,66.1043
15.8272,87.7658
0.0016,-0.1075
28.7219,69.8339
53.5596,50.2090
67.2283,44.6231
61.4212,53.8784
59.7110,61.4476
-0.0097,-0.0079
61.2141,83.5807
70.0956,97.3881
73.7712,91.8501
59.0373,79.1416
55.4747,52.9730
-0.0144,0.0367
78.2949,53.8057
79.0889,58.5005
65.8301,45.2042
61.8266,33.7304
67.6877,46.8760
-0.0163,0.0227
71.0952,25.6302
62.2350,-9.9429
69.1238,-33.2662
72.8634,-31.2975
63.1399,-43.1317
-0.0082,0.0936
60.7701,-72.0352
73.2400,-91.4518
66.8622,-92.7895
53.2835,-93.4572
49.4759,-99.9593
0.0026,0.0671
60.3636,-88.6577
51.6059,-88.2643
26.2176,-94.2923
11.1298,-97.5574
-3.1492,-81.1573
0.0127,0.0919
-9.1848,-39.9706
-12.6613,-29.7054
-40.1615,-25.2343
-65.6628,-27.6915
-74.4707,-38.1459
0.0306,0.0095
-57.8222,-27.3002
-50.2615,-18.9262
-49.4867,-6.6729
-43.3557,0.7168
-36.0445,8.7879
0.0182,0.0100
-22.3135,7.6628
-27.3582,0.8953
-28.2203,-3.2116
-18.1369,-7.0201
-11.0205,-1.2183
0.0049,0.0383
-12.5088,-10.5663
-14.6403,-4.1786
-8.7054,9.4603
3.5996,12.9407
8.7661,8.0210
-0.0041,0.0460
-1.2733,-6.4049
1.0097,1.6538
7.9715,7.1610
9.2645,0.6950
2.9188,-11.8185
0.0016,0.0657
-5.7582,-0.2493
0.0774,2.8895
7.1897,-2.8735
8.4682,-14.7853
4.7579,-17.8315
-0.0071,0.0786
13.3082,-19.3545
17.7842,-24.9277
17.1072,-41.0317
17.8326,-62.3137
13.6781,-74.3391
0.0001,0.1126
-1.5605,-64.8199
-0.0476,-74.6508
-1.1089,-96.2130
-8.5838,-99.7108
-15.0151,-99.8457
-0.0001,0.1051
-26.0376,-76.2065
-36.9108,-64.5217
-45.3423,-41.5710
-47.7996,-28.8986
-46.9497,-35.6778
0.0255,0.0118
-43.7137,-18.2119
-40.9666,-6.1253
-37.7172,-4.1196
-39.5467,-12.1561
-41.7315,-16.9110
0.0213,0.0073
-39.5583,-8.9462
-40.4150,1.5617
-36.9864,8.5120
-32.4528,11.1215
-32.5395,13.7579
0.0130,-0.0184
-25.7806,2.8092
-27.9434,8.8671
-28.5016,17.5920
-36.4071,24.8955
-39.4607,26.9170
0.0110,-0.0462
-32.1141,37.9602
-24.2948,50.0309
-13.0028,41.7032
-4.2226,21.8887
7.6873,9.0759
-0.0262,0.0426
34.2600,25.3166
40.7904,28.8731
42.3622,23.5159
42.3506,31.1723
45.1016,69.8467
0.0029,-0.0393
68.0189,58.1906
54.5309,34.3282
42.6008,32.7005
53.5507,38.4345
68.5455,32.3774
-0.0253,0.0348
68.7656,28.0682
64.8427,14.4499
66.0214,13.1559
50.4620,26.4446
37.0816,29.9401
-0.0148,0.0242
61.9115,15.9126
67.8840,9.5555
51.6234,-5.9684
40.6829,-12.5101
57.4806,-16.0362
-0.0267,0.0762
79.1779,-27.5136
78.3074,-42.7433
61.6482,-42.0285
46.7498,-40.5053
48.8212,-47.1871
-0.0154,0.0893
62.2171,-58.1631
44.9033,-61.0500
28.6709,-61.8717
20.7224,-60.6711
24.8294,-47.0740
-0.0065,0.0976
27.6864,-56.6055
13.3841,-56.5899
-4.6881,-51.1341
-19.9887,-52.2782
-24.2291,-65.8592
0.0046,0.0924
-19.3173,-70.1852
-22.3739,-55.2334
-31.1627,-39.9028
-37.1072,-44.1465
-43.3898,-48.3957
0.0255,0.0421
-44.7173,-17.0647
-41.1375,-0.9213
-40.6350,-1.2038
-41.7543,13.3483
-39.0317,9.8585
0.0223,-0.0215
-23.9124,23.8600
-25.6902,24.2696
-28.0898,17.5576
-22.5182,9.5073
-14.0464,12.2081
0.0096,-0.0029
-16.0950,9.2058
-14.1691,7.7039
-9.6616,8.5962
-2.4108,8.9649
-2.0111,9.1273
0.0048,0.0146
-7.5242,-6.5500
-0.8843,-3.7814
3.2435,3.2039
1.6641,0.1999
-3.7777,-7.0246
0.0004,0.0429
3.1166,-6.9057
8.5713,-8.3585
11.2715,-14.6824
6.1871,-21.7616
3.1905,-17.5219
-0.0058,0.0462
9.9590,-11.8109
13.3306,-19.5097
12.9131,-29.7919
13.1959,-47.0068
10.5794,-49.4394
-0.0035,0.0921
2.0676,-42.1438
-4.4662,-41.2267
-5.7521,-26.5626
-4.5115,-18.5441
-1.6909,-10.4662
-0.0014,0.0149
0.7402,-18.3388
-2.2618,-20.9087
-1.7391,-20.4925
0.5328,-15.2670
6.1143,-11.6565
-0.0041,0.0641
-0.0152,-50.4166
-0.9849,-62.8045
2.4116,-47.6238
5.2145,-32.6872
3.5449,-40.6581
0.0016,0.0932
-16.9602,-81.9541
-29.3348,-72.0107
-36.4722,-41.9812
-41.6023,1.7990
-40.7099,-6.8563
0.0167,-0.0040
-31.2525,-41.6230
-37.1328,-27.0771
-40.8723,-5.7795
-38.6085,-1.8980
-29.0698,-14.3928
0.0161,-0.0297
-29.1587,5.8785
-43.5948,21.7910
-45.1216,6.6381
-30.8090,-12.0779
-16.1193,-11.5522
0.0142,-0.0455
-31.3693,35.9555
-26.6650,25.9909
-16.4891,17.4738
-13.7075,32.0921
-10.9074,43.0814
-0.0017,-0.0760
1.6226,26.3072
16.4665,47.9191
21.8392,93.7218
31.2298,62.6318
39.6983,24.4601
-0.0221,0.0590
48.2242,48.5393
53.6020,51.5501
60.9856,23.3716
66.5302,2.2679
76.8879,15.2546
-0.0242,0.0568
85.9669,36.7574
81.9038,34.3101
68.9266,43.0815
72.8647,71.6872
93.3234,96.9867
-0.0038,0.0303
84.2651,49.0838
58.0648,37.2447
81.5938,39.4984
136.5495,52.7640
156.1512,41.7926
-0.0285,0.0620
102.4885,-7.1453
115.9289,0.5823
139.3792,-15.2362
143.5292,-53.4795
109.1333,-77.5054
-0.0073,0.0642
79.5409,-55.0113
80.7060,-37.6016
73.2336,-64.7804
72.7708,-128.5790
65.8679,-148.9762
0.0013,0.1019
-19.4233,-67.6074
-40.2500,-81.7563
-44.1122,-92.2677
-54.7944,-83.7832
-91.8626,-50.8981
0.0163,-0.0421
-144.5467,-19.4659
-141.9116,-16.9832
-139.0383,-10.4809
-140.9175,0.7232
-137.5504,22.5041
0.0254,0.0265
-82.7334,14.1052
-43.7525,4.6226
-30.9357,5.5960
-39.3379,5.2992
-51.2549,10.6087
0.0221,-0.0076
-12.5943,2.0270
-31.8220,2.2176
-42.9183,3.1326
-40.1663,9.1886
-14.9955,0.0098
-0.0095,0.0210
7.1049,-4.8984
2.4189,-11.6892
-0.4068,-10.9824
1.7727,-11.3551
3.7703,-15.3058
-0.0036,0.0462
-0.5420,-4.4828
7.9316,-3.4226
13.0404,-11.0395
8.2973,-11.6583
4.9388,-11.7770
-0.0117,0.0513
11.6155,-5.5980
11.8511,-0.7561
7.7866,-15.3876
5.0804,-7.7315
7.0071,-3.3144
-0.0095,0.0381
6.1137,-4.1022
4.7190,-11.6347
3.6908,-16.9347
4.3736,-13.7379
8.9290,-13.1149
-0.0143,0.0582
15.0976,-21.0249
6.8744,-24.1981
4.8781,-24.8144
9.2448,-18.1613
16.0538,-24.2437
-0.0128,0.0877
18.6980,-65.9658
17.2526,-70.9028
12.8817,-67.4305
14.6789,-77.9187
26.8965,-117.1123
0.0063,0.0977
21.4821,-103.6078
17.5286,-94.9297
10.6076,-98.4274
-0.6583,-85.1348
-11.9558,-70.2764
0.0071,0.0819
-20.7053,-47.9036
-23.8592,-25.2497
-29.4623,-6.5218
-33.4098,6.6702
-39.2387,-7.0765
0.0263,-0.0121
-50.0808,-28.6581
-60.8543,-6.6886
-68.6262,23.1488
-65.3296,29.4611
-56.8742,10.3706
0.0274,-0.0199
-54.5403,-12.8988
-57.7052,-0.9405
-54.3024,-6.2015
-45.8167,-14.2406
-31.0642,-7.2902
-0.0000,-0.0334
-19.1842,18.0177
-18.2045,13.0238
-7.1951,5.0608
12.2352,9.5079
25.8566,16.6841
-0.0229,-0.0429
27.4155,27.1591
37.5224,25.3808
50.0394,35.2608
62.3243,39.2206
61.2304,37.4212
-0.0293,0.0051
55.5913,31.0999
71.1347,43.0859
89.4455,45.1204
85.4188,46.5028
72.2224,49.0769
-0.0190,0.0249
82.9954,48.7632
91.0426,38.6454
93.8495,21.9364
95.5092,14.4835
88.2350,21.5433
-0.0274,0.0317
85.4731,33.3780
90.2559,25.8885
102.2330,7.4027
94.6820,7.3054
69.2355,26.5008
-0.0234,0.0296
87.6647,-9.5707
116.5296,-28.1680
101.5631,-25.1984
60.6931,-11.6716
47.7403,-19.4700
-0.0113,0.0689
114.1140,-102.1024
97.9490,-89.2221
47.8437,-64.2670
19.0642,-75.6411
12.1350,-99.7657
-0.0016,0.1034
-14.3682,-80.3119
-41.7950,-53.2383
-52.2412,-44.2124
-54.5833,-52.8329
-62.6523,-69.1157
0.0191,-0.0256
-116.4042,-34.0656
-136.8851,-6.5637
-128.1969,-3.0393
-112.1244,-22.5791
-121.5508,-33.0183
0.0119,-0.0558
-141.3005,0.3548
-104.0333,7.7094
-80.6295,15.7705
-80.6817,6.3590
-88.1563,4.6557
0.0311,-0.0000
-55.6520,55.2131
-25.1989,28.2015
-5.8004,-5.3090
-1.6561,-18.0033
-1.3372,-6.5824
-0.0103,0.0537
13.1847,-8.1110
18.5524,-22.9324
15.4323,-21.9867
15.6918,-10.5853
17.6593,-5.9629
-0.0196,0.0257
18.2203,-2.3737
8.3945,-0.4696
6.9749,-0.9605
9.8990,-0.6411
12.1658,6.1061
-0.0146,0.0116
9.1338,-3.3575
5.9229,-4.8811
5.0663,-1.1259
4.6504,3.8450
3.0401,2.6777
-0.0060,0.0229
-1.1944,-0.2776
-0.9189,1.2173
-0.3240,0.9543
-0.6137,-0.0387
-0.5241,0.1377
-0.0072,0.0249
0.1792,0.9402
-0.1836,1.4492
-0.4590,-1.5620
-0.3653,-5.7472
-0.6255,-2.1184
-0.0072,0.0176
3.6210,3.9343
2.9192,6.0313
3.5228,1.5785
5.8177,-6.0584
8.8810,-11.1012
-0.0094,0.0292
5.0274,-2.5155
1.7702,0.1787
